"StoreID","Month","NumberOfSales"
1000,"April",399327.96629994496
1000,"March",372287.7186105404
1001,"April",166059.18254358004
1001,"March",124034.09676346766
1002,"April",255358.53957425043
1002,"March",249746.21944554115
1003,"April",239993.82755301968
1003,"March",239993.82755301968
1004,"April",205081.59009900695
1004,"March",200028.5375701872
1005,"April",217789.65796799446
1005,"March",217789.65796799446
1006,"April",346740.9161691774
1006,"March",335002.4107712507
1007,"April",187902.06689125995
1007,"March",187902.06689125995
1008,"April",264111.82379654836
1008,"March",312364.4077316572
1009,"April",232118.31770346913
1009,"March",241927.28867810374
1010,"April",275759.92594859295
1010,"March",275812.43437488715
1011,"April",141657.93960680146
1011,"March",146243.45478947135
1012,"April",346740.9161691774
1012,"March",335002.4107712507
1013,"April",246736.23038711405
1013,"March",246736.23038711405
1014,"April",235143.64071202622
1014,"March",235143.64071202622
1015,"April",278398.31612875185
1015,"March",282354.65581237094
1016,"April",183154.97566526526
1016,"March",183154.97566526526
1017,"April",146243.45478947135
1017,"March",154633.26989719528
1018,"April",193644.43532722144
1018,"March",186920.18379483046
1019,"April",202480.2180187695
1019,"March",217691.6694286412
1020,"April",275812.43437488715
1020,"March",267257.16446316266
1021,"April",275421.7248215191
1021,"March",275421.7248215191
1022,"April",245204.77049591223
1022,"March",243328.4627493283
1023,"April",171036.18901909873
1023,"March",171036.18901909873
1024,"April",220563.1573837381
1024,"March",222014.5512614386
1025,"April",253507.49979194795
1025,"March",242854.7091509788
1026,"April",230340.75631075352
1026,"March",227669.83258362644
1027,"April",146188.95170138933
1027,"March",146188.95170138933
1028,"April",267236.13514895726
1028,"March",267236.13514895726
1029,"April",282185.8229912856
1029,"March",275421.7248215191
1030,"April",256081.12322366936
1030,"March",256081.12322366936
1031,"April",176343.9383208208
1031,"March",176343.9383208208
1032,"April",246705.13365734834
1032,"March",246705.13365734834
1033,"April",301591.4102743585
1033,"March",301591.4102743585
1034,"April",165991.28704407558
1034,"March",165991.28704407558
1035,"April",280250.1016890961
1035,"March",280250.1016890961
1036,"April",251309.56752584604
1036,"March",252272.53614552913
1037,"April",317741.603659558
1037,"March",382599.2502828729
1038,"April",297611.2607026809
1038,"March",319230.34194529883
1039,"April",260078.7545003563
1039,"March",260078.7545003563
1040,"April",204944.16322731695
1040,"March",204944.16322731695
1041,"April",187705.67555044018
1041,"March",175607.2206339315
1042,"April",169793.70494075646
1042,"March",173160.42858796648
1043,"April",216241.86398398044
1043,"March",216241.86398398044
1044,"April",211946.52463110932
1044,"March",211946.52463110932
1045,"April",242339.5689385718
1045,"March",238310.6956425921
1046,"April",291539.7320939464
1046,"March",291539.7320939464
1047,"April",280250.1016890961
1047,"March",254345.4929271322
1048,"April",262261.36843350105
1048,"March",276089.7425790601
1049,"April",261200.94824087722
1049,"March",312916.9360749457
1050,"April",365053.31053853163
1050,"March",365053.31053853163
1051,"April",206164.78286930517
1051,"March",206164.78286930517
1052,"April",205081.59009900695
1052,"March",205081.59009900695
1053,"April",275791.43100436946
1053,"March",311299.0505060134
1054,"April",191430.2844580501
1054,"March",191430.2844580501
1055,"April",189275.43337308176
1055,"March",189611.89759854623
1056,"April",145244.99601541305
1056,"March",131527.823501698
1057,"April",605454.8863636361
1057,"March",596356.4117647054
1058,"April",167142.82359627294
1058,"March",161633.6865236276
1059,"April",192153.3591414539
1059,"March",198595.3046667057
1060,"April",172941.6646604517
1060,"March",172941.6646604517
1061,"April",449261.83552527125
1061,"March",449261.83552527125
1062,"April",225569.20061293017
1062,"March",225569.20061293017
1063,"April",136441.66736343605
1063,"March",136441.66736343605
1064,"April",259805.49474024485
1064,"March",268824.4855838402
1065,"April",244562.99854596631
1065,"March",243380.17373356115
1066,"April",343792.53263180057
1066,"March",328305.14238721353
1067,"April",177238.26649651348
1067,"March",179272.35362036838
1068,"April",291286.77523222467
1068,"March",278985.27256177
1069,"April",230340.75631075352
1069,"March",249102.62209909744
1070,"April",393201.18190086016
1070,"March",308633.77313382947
1071,"April",224460.88129619803
1071,"March",206229.29470101185
1072,"April",177238.26649651348
1072,"March",177238.26649651348
1073,"April",395988.37113569863
1073,"March",352104.4834928488
1074,"April",198250.5224843817
1074,"March",209143.56298762525
1075,"April",316174.76450640836
1075,"March",306767.8153396722
1076,"April",135606.21119499346
1076,"March",135606.21119499346
1077,"April",364107.1848817376
1077,"March",364107.1848817376
1078,"April",173026.21399282958
1078,"March",187816.07592062748
1079,"April",283721.6050080815
1079,"March",283721.6050080815
1080,"April",230340.75631075352
1080,"March",230139.584384966
1081,"April",321824.1135255956
1081,"March",321824.1135255956
1082,"April",205081.59009900695
1082,"March",202703.52076753264
1083,"April",215233.41161077714
1083,"March",223860.07179332976
1084,"April",159533.60684447616
1084,"March",159533.60684447616
1085,"April",190969.452129876
1085,"March",184245.20059748503
1086,"April",293681.5800092799
1086,"March",293681.5800092799
1087,"April",158987.62859595328
1087,"March",162157.5808124878
1088,"April",388766.42442621576
1088,"March",367794.927459222
1089,"April",259805.49474024485
1089,"March",259805.49474024485
1090,"April",286426.6584755208
1090,"March",266058.9837295852
1091,"April",348354.51288343716
1091,"March",348354.51288343716
1092,"April",229599.98048734365
1092,"March",207780.8542488357
1093,"April",173160.42858796648
1093,"March",173160.42858796648
1094,"April",233491.51135485465
1094,"March",249102.62209909744
1095,"April",243380.17373356115
1095,"March",243380.17373356115
1096,"April",203089.38619813486
1096,"March",203089.38619813486
1097,"April",252103.02757104015
1097,"March",252103.02757104015
1098,"April",135693.80700082285
1098,"March",135693.80700082285
1099,"April",217309.17370297713
1099,"March",214529.6740091965
1100,"April",230340.75631075352
1100,"March",230340.75631075352
1101,"April",123276.77668055384
1101,"March",133483.92090514643
1102,"April",287176.3991941709
1102,"March",287176.3991941709
1103,"April",188158.19546608432
1103,"March",188158.19546608432
1104,"April",223436.4754474128
1104,"March",223436.4754474128
1105,"April",108188.20662253594
1105,"March",108164.96898313831
1106,"April",316689.8631342403
1106,"March",316689.8631342403
1107,"April",405161.4076692003
1107,"March",405161.4076692003
1108,"April",294370.1841497759
1108,"March",296934.5397770988
1109,"April",184259.84026211468
1109,"March",184259.84026211468
1110,"April",291965.3813545316
1110,"March",311842.5902723397
1111,"April",281831.45639837236
1111,"March",281831.45639837236
1112,"April",242339.5689385718
1112,"March",242339.5689385718
1113,"April",191765.09671864132
1113,"March",197486.23027993788
1114,"April",267782.2814317278
1114,"March",344580.5344804289
1115,"April",150347.5336342408
1115,"March",144452.8584383659
1116,"April",198250.5224843817
1116,"March",198250.5224843817
1117,"April",207361.93697097513
1117,"March",207361.93697097513
1118,"April",275812.43437488715
1118,"March",267257.16446316266
1119,"April",188158.19546608432
1119,"March",188158.19546608432
1120,"April",333372.4325765101
1120,"March",336354.1726831777
1121,"April",222607.59549107388
1121,"March",224570.34244784355
1122,"April",173792.43120818798
1122,"March",173792.43120818798
1123,"April",218222.8675647672
1123,"March",213457.75510825997
1124,"April",280250.1016890961
1124,"March",280250.1016890961
1125,"April",176343.9383208208
1125,"March",172054.13449452154
1126,"April",170951.63968672082
1126,"March",184035.60875939758
1127,"April",117176.40687536592
1127,"March",117176.40687536592
1128,"April",346740.9161691774
1128,"March",335002.4107712507
1129,"April",931446.9417185008
1129,"March",851512.9991792456
1130,"April",171580.27330210723
1130,"March",171580.27330210723
1131,"April",271265.00844493695
1131,"March",267236.13514895726
1132,"April",276089.7425790601
1132,"March",280250.1016890961
1133,"April",230510.86947797125
1133,"March",222607.59549107388
1134,"April",196199.2441266946
1134,"March",210391.0055592225
1135,"April",213241.34046275154
1135,"March",213241.34046275154
1136,"April",162525.8940239634
1136,"March",159533.60684447616
1137,"April",214691.7632206235
1137,"March",219934.913239398
1138,"April",257279.17804025687
1138,"March",257279.17804025687
1139,"April",278398.31612875185
1139,"March",278398.31612875185
1140,"April",190969.452129876
1140,"March",190969.452129876
1141,"April",229610.42803979115
1141,"March",205344.96211296465
1142,"April",284710.6163258438
1142,"March",284710.6163258438
1143,"April",146561.87562960124
1143,"March",146561.87562960124
1144,"April",164186.540583574
1144,"March",180594.40819592346
1145,"April",274701.0817509661
1145,"March",258534.12088621582
1146,"April",186920.18379483046
1146,"March",180157.9226999271
1147,"April",323875.94557974435
1147,"March",323875.94557974435
1148,"April",162630.20448287379
1148,"March",142540.82024683763
1149,"April",156343.0260554354
1149,"March",156343.0260554354
1150,"April",154872.72972699365
1150,"March",154872.72972699365
1151,"April",175616.64785779713
1151,"March",175616.64785779713
1152,"April",321824.1135255956
1152,"March",321824.1135255956
1153,"April",213898.34954010436
1153,"March",234489.26493524542
1154,"April",168400.9157297884
1154,"March",183793.85913878836
1155,"April",259219.83140729618
1155,"March",262606.12985779386
1156,"April",264812.80799682264
1156,"March",264812.80799682264
1157,"April",179478.22469373172
1157,"March",206149.35605585814
1158,"April",289656.39311058505
1158,"March",300475.5846619412
1159,"April",218176.4570244957
1159,"March",212353.345013414
1160,"April",255905.6275933957
1160,"March",255905.6275933957
1161,"April",156606.02734198814
1161,"March",154527.58091522957
1162,"April",165261.2520955935
1162,"March",165261.2520955935
1163,"April",165991.28704407558
1163,"March",165991.28704407558
1164,"April",190208.44965295977
1164,"March",184058.7610518537
1165,"April",164694.8251071028
1165,"March",168673.08001798746
1166,"April",142634.75274495356
1166,"March",135266.15683696774
1167,"April",172057.6352430611
1167,"March",163378.54595388123
1168,"April",268313.5449451705
1168,"March",268313.5449451705
1169,"April",328305.14238721353
1169,"March",328305.14238721353
1170,"April",343792.53263180057
1170,"March",340943.852330853
1171,"April",115096.25330651944
1171,"March",115096.25330651944
1172,"April",259805.49474024485
1172,"March",259805.49474024485
1173,"April",193280.88814152047
1173,"March",211946.52463110932
1174,"April",244420.7785285505
1174,"March",238310.6956425921
1175,"April",197731.87593416963
1175,"March",197731.87593416963
1176,"April",321824.1135255956
1176,"March",321824.1135255956
1177,"April",217430.31235441778
1177,"March",229333.53283471594
1178,"April",256978.1363036449
1178,"March",250063.73931623402
1179,"April",180792.61091676628
1179,"March",180792.61091676628
1180,"April",164224.5660992276
1180,"March",166777.420159174
1181,"April",358743.6175580662
1181,"March",346740.9161691774
1182,"April",155021.23836393745
1182,"March",155021.23836393745
1183,"April",135693.80700082285
1183,"March",135693.80700082285
1184,"April",183467.5941141117
1184,"March",163878.16088994037
1185,"April",242104.77230858328
1185,"March",264351.61624253576
1186,"April",286965.41497841163
1186,"March",286965.41497841163
1187,"April",135266.15683696774
1187,"March",135266.15683696774
1188,"April",506136.0999539943
1188,"March",506136.0999539943
1189,"April",291965.3813545316
1189,"March",267072.68121762906
1190,"April",135266.15683696774
1190,"March",135266.15683696774
1191,"April",140739.20910918718
1191,"March",140739.20910918718
1192,"April",165991.28704407558
1192,"March",165991.28704407558
1193,"April",202093.82832378795
1193,"March",202093.82832378795
1194,"April",151745.7544415111
1194,"March",143734.56336658122
1195,"April",205081.59009900695
1195,"March",205081.59009900695
1196,"April",149267.17726071217
1196,"March",149267.17726071217
1197,"April",232246.78411661697
1197,"March",232967.51295787937
1198,"April",220606.33893496773
1198,"March",220606.33893496773
1199,"April",209014.4796914921
1199,"March",232669.76552072546
1200,"April",172054.13449452154
1200,"March",202703.52076753264
1201,"April",205081.59009900695
1201,"March",205081.59009900695
1202,"April",184259.84026211468
1202,"March",184259.84026211468
1203,"April",129298.80371129647
1203,"March",129298.80371129647
1204,"April",184259.84026211468
1204,"March",176343.9383208208
1205,"April",219824.04054141307
1205,"March",219824.04054141307
1206,"April",255913.71260624588
1206,"March",320452.2525969328
1207,"April",306737.2324365971
1207,"March",275444.07268637384
1208,"April",160948.68392786282
1208,"March",157486.2270954147
1209,"April",203464.00565940308
1209,"March",204167.14522729203
1210,"April",186913.4294024372
1210,"March",186913.4294024372
1211,"April",209846.7025555142
1211,"March",205784.7296668959
1212,"April",505794.6066235268
1212,"March",473278.2322826112
1213,"April",262364.2838474334
1213,"March",262364.2838474334
1214,"April",197321.18232706244
1214,"March",191848.61364930266
1215,"April",209762.79578745822
1215,"March",209762.79578745822
1216,"April",237507.5301105038
1216,"March",237507.5301105038
1217,"April",227262.779991154
1217,"March",231532.44323707712
1218,"April",176343.9383208208
1218,"March",180111.45241470175
1219,"April",162883.0492848862
1219,"March",161356.80999997348
1220,"April",127054.20396039599
1220,"March",131527.823501698
1221,"April",203089.38619813486
1221,"March",210695.94325598568
1222,"April",198953.66205227064
1222,"March",198250.5224843817
1223,"April",317403.95244465437
1223,"March",317403.95244465437
1224,"April",289656.39311058505
1224,"March",289656.39311058505
1225,"April",304365.5166990921
1225,"March",325598.4468961044
1226,"April",202945.9673275549
1226,"March",217789.65796799446
1227,"April",149267.17726071217
1227,"March",149267.17726071217
1228,"April",225692.3374773164
1228,"March",222079.78980544143
1229,"April",276205.8422537875
1229,"March",280937.14150340814
1230,"April",116756.71472253636
1230,"March",116756.71472253636
1231,"April",237507.5301105038
1231,"March",237507.5301105038
1232,"April",255201.06811626803
1232,"March",239599.67197144666
1233,"April",156606.02734198814
1233,"March",143691.72271988165
1234,"April",217037.13164591865
1234,"March",249102.62209909744
1235,"April",152220.33418641041
1235,"March",166401.14338647964
1236,"April",180594.40819592346
1236,"March",197911.1786223589
1237,"April",239279.41616499439
1237,"March",218616.46631324652
1238,"April",155921.31032245586
1238,"March",156640.62931162215
1239,"April",165991.28704407558
1239,"March",183154.97566526526
1240,"April",397049.2746721558
1240,"March",372287.7186105404
1241,"April",277649.8772453236
1241,"March",332891.3426892415
1242,"April",109812.97046847027
1242,"March",109812.97046847027
1243,"April",146243.45478947135
1243,"March",146243.45478947135
1244,"April",159994.5201689924
1244,"March",159994.5201689924
1245,"April",293671.56691977853
1245,"March",293671.56691977853
1246,"April",295918.5435635728
1246,"March",295918.5435635728
1247,"April",165991.28704407558
1247,"March",159994.5201689924
1248,"April",269336.76763742807
1248,"March",268258.1990805653
1249,"April",224016.57470421353
1249,"March",200949.78663421047
1250,"April",346637.8345417139
1250,"March",346637.8345417139
1251,"April",153029.0891762266
1251,"March",157677.56911719852
1252,"April",252250.6783509627
1252,"March",252250.6783509627
1253,"April",211472.44471978635
1253,"March",211472.44471978635
1254,"April",232004.54433819628
1254,"March",244717.71975624695
1255,"April",308862.285740265
1255,"March",315196.5632904822
1256,"April",212536.5770539686
1256,"March",212536.5770539686
1257,"April",176606.26387629198
1257,"March",173239.54022908196
1258,"April",275233.1199391774
1258,"March",274712.6401141911
1259,"April",189767.9490262919
1259,"March",194386.22631714557
1260,"April",165991.28704407558
1260,"March",148046.29841127558
1261,"April",225533.5379363496
1261,"March",222077.46338530674
1262,"April",279972.7934849231
1262,"March",271397.01780603966
1263,"April",252272.53614552913
1263,"March",252272.53614552913
1264,"April",160165.59480416882
1264,"March",160165.59480416882
1265,"April",237633.6014583905
1265,"March",237633.6014583905
1266,"April",319652.05755857733
1266,"March",319652.05755857733
1267,"April",321108.2418953306
1267,"March",337786.57668377185
1268,"April",198953.66205227064
1268,"March",205081.59009900695
1269,"April",263425.0791861682
1269,"March",263425.0791861682
1270,"April",145900.79637841985
1270,"March",145900.79637841985
1271,"April",93101.3114145125
1271,"March",93101.3114145125
1272,"April",214283.9902503719
1272,"March",203043.01085936034
1273,"April",203837.03858047
1273,"March",214730.0790837135
1274,"April",242357.02789811147
1274,"March",242357.02789811147
1275,"April",249746.21944554115
1275,"March",221519.83098866013
1276,"April",108164.96898313831
1276,"March",108164.96898313831
1277,"April",196194.37929642908
1277,"March",196194.37929642908
1278,"April",248077.79151522997
1278,"March",248077.79151522997
1279,"April",346740.9161691774
1279,"March",335002.4107712507
1280,"April",314526.3537322556
1280,"March",320826.5329405936
1281,"April",257279.84940210692
1281,"March",265835.1193138314
1282,"April",264111.82379654836
1282,"March",264111.82379654836
1283,"April",245632.8572487015
1283,"March",245632.8572487015
1284,"April",150921.91287424238
1284,"March",150921.91287424238
1285,"April",170312.77581280746
1285,"March",168076.14996081108
1286,"April",449864.08583647694
1286,"March",437382.5854067569
1287,"April",290158.3193567594
1287,"March",293233.9185276745
1288,"April",217519.72799687827
1288,"March",218222.8675647672
1289,"April",208864.0470191339
1289,"March",208864.0470191339
1290,"April",207780.8542488357
1290,"March",207780.8542488357
1291,"April",184259.84026211468
1291,"March",176343.9383208208
1292,"April",145176.71401827844
1292,"March",145176.71401827844
1293,"April",179478.22469373172
1293,"March",206149.35605585814
1294,"April",219824.04054141307
1294,"March",219824.04054141307
1295,"April",237899.11316002771
1295,"March",237899.11316002771
1296,"April",259737.9510856866
1296,"March",252823.5540982757
1297,"April",282238.47600217944
1297,"March",297651.8276835888
1298,"April",346740.9161691774
1298,"March",349741.5915163996
1299,"April",220595.89138252023
1299,"March",212536.5770539686
1300,"April",239576.7479159623
1300,"March",239576.7479159623
1301,"April",250063.73931623402
1301,"March",224614.1676254612
1302,"April",224652.99823768213
1302,"March",253136.07126600543
1303,"April",142820.72069264768
1303,"March",151401.84909896756
1304,"April",346740.9161691774
1304,"March",321824.1135255956
1305,"April",135266.15683696774
1305,"March",135266.15683696774
1306,"April",147933.811131643
1306,"March",147933.811131643
1307,"April",457537.5326475259
1307,"March",400525.6957001995
1308,"April",207968.0834334986
1308,"March",196727.10404248707
1309,"April",275354.47797280294
1309,"March",289479.3882755951
1310,"April",280473.45970539295
1310,"March",292872.2356964627
1311,"April",225210.7438104485
1311,"March",218917.6605336386
1312,"April",156606.02734198814
1312,"March",143691.72271988165
1313,"April",291453.42758547544
1313,"March",269299.19017895835
1314,"April",249746.21944554115
1314,"March",249746.21944554115
1315,"April",170951.63968672082
1315,"March",170951.63968672082
1316,"April",232345.65332378805
1316,"March",235896.20309230057
1317,"April",291499.959795338
1317,"March",308503.4914528244
1318,"April",142604.06636418728
1318,"March",142604.06636418728
1319,"April",280201.31680864515
1319,"March",280201.31680864515
1320,"April",345296.9427107961
1320,"March",338073.2470813027
1321,"April",146243.45478947135
1321,"March",146243.45478947135
1322,"April",145321.36969141942
1322,"March",145321.36969141942
1323,"April",281831.45639837236
1323,"March",298146.6959873773
1324,"April",191061.8172498501
1324,"March",191061.8172498501
1325,"April",186368.36063975786
1325,"March",205439.9139546608
1326,"April",293940.0336269767
1326,"March",293940.0336269767
1327,"April",332041.47336805525
1327,"March",332041.47336805525
1328,"April",213898.34954010436
1328,"March",234489.26493524542
1329,"April",313697.4559424156
1329,"March",336444.98489586316
1330,"April",638980.3083402064
1330,"March",638980.3083402064
1331,"April",329047.80915508897
1331,"March",321824.1135255956
1332,"April",150837.43164236128
1332,"March",150837.43164236128
1333,"April",193654.28494128527
1333,"March",193654.28494128527
1334,"April",252870.98551391458
1334,"March",297615.3936258396
1335,"April",286965.41497841163
1335,"March",286881.401496341
1336,"April",180854.46326810584
1336,"March",206135.370570006
1337,"April",291965.3813545316
1337,"March",291965.3813545316
1338,"April",213553.11015030826
1338,"March",217937.83807661495
1339,"April",506121.00557844713
1339,"March",459206.2342812622
1340,"April",291861.8551008092
1340,"March",317761.6693291835
1341,"April",269172.9177691101
1341,"March",269172.9177691101
1342,"April",259341.81522509395
1342,"March",260120.90910345683
1343,"April",375029.46214237524
1343,"March",375029.46214237524
1344,"April",180157.9226999271
1344,"March",180157.9226999271
1345,"April",205386.03459720485
1345,"March",205386.03459720485
1346,"April",342459.07462181867
1346,"March",341465.1612529295
1347,"April",141990.78439898882
1347,"March",141990.78439898882
1348,"April",183793.85913878836
1348,"March",165991.28704407558
1349,"April",226803.89127317767
1349,"March",226803.89127317767
1350,"April",146188.95170138933
1350,"March",161866.94990908177
1351,"April",372147.40297478845
1351,"March",317403.95244465437
1352,"April",165939.10312896912
1352,"March",169349.29979718884
1353,"April",259780.89408417864
1353,"March",284142.7954914129
1354,"April",212363.51627632172
1354,"March",224914.6146190808
1355,"April",798190.3696229057
1355,"March",798190.3696229057
1356,"April",342345.93080341315
1356,"March",342345.93080341315
1357,"April",338914.10319138435
1357,"March",343355.5951581705
1358,"April",411529.4243312994
1358,"March",411529.4243312994
1359,"April",160948.68392786282
1359,"March",172503.4173501414
1360,"April",150921.91287424238
1360,"March",145176.71401827844
1361,"April",238686.17069418376
1361,"March",269402.83364542696
1362,"April",350186.3944690934
1362,"March",350186.3944690934
1363,"April",207173.49569372792
1363,"March",214717.68999694174
1364,"April",154299.88847480936
1364,"March",154299.88847480936
1365,"April",200915.14908395632
1365,"March",200915.14908395632
1366,"April",191182.41684514462
1366,"March",183467.5941141117
1367,"April",451650.2201136171
1367,"March",394985.81166702113
1368,"April",259757.20200273945
1368,"March",255025.9027531188
1369,"April",229599.98048734365
1369,"March",229599.98048734365
1370,"April",346740.9161691774
1370,"March",335002.4107712507
1371,"April",281322.70463770966
1371,"March",264111.82379654836
1372,"April",142826.2405674314
1372,"March",150837.43164236128
1373,"April",313996.2676320902
1373,"March",326773.97219270875
1374,"April",150837.43164236128
1374,"March",168700.7822764601
1375,"April",173792.43120818798
1375,"March",173792.43120818798
1376,"April",249850.2101511267
1376,"March",250813.17877080978
1377,"April",291107.4907601381
1377,"March",293789.2744219738
1378,"April",360867.650020659
1378,"March",360867.650020659
1379,"April",221964.2880598846
1379,"March",221964.2880598846
1380,"April",242631.18626483725
1380,"March",253686.11090388516
1381,"April",254532.23985764422
1381,"March",254532.23985764422
1382,"April",230340.75631075352
1382,"March",230340.75631075352
1383,"April",206777.00018023347
1383,"March",206777.00018023347
1384,"April",260225.7326429407
1384,"March",271057.4405915887
1385,"April",226010.32903601724
1385,"March",228121.42114106848
1386,"April",266222.14676546433
1386,"March",317403.95244465437
1387,"April",335665.96443178534
1387,"March",335665.96443178534
1388,"April",173026.21399282958
1388,"March",185124.3621169117
1389,"April",317403.95244465437
1389,"March",332891.3426892415
1390,"April",114331.37343604043
1390,"March",108544.38781516974
1391,"April",165352.7603589559
1391,"March",183154.97566526526
1392,"April",264111.82379654836
1392,"March",277050.84044223087
1393,"April",328305.14238721353
1393,"March",328305.14238721353
1394,"April",202093.82832378795
1394,"March",202093.82832378795
1395,"April",183213.30313090878
1395,"March",165991.28704407558
1396,"April",232506.99405991109
1396,"March",232506.99405991109
1397,"April",174325.77541812693
1397,"March",195604.79586065907
1398,"April",142826.2405674314
1398,"March",146188.95170138933
1399,"April",217937.83807661495
1399,"March",217937.83807661495
1400,"April",146243.45478947135
1400,"March",141657.93960680146
1401,"April",246086.26291244657
1401,"March",233074.17906217923
1402,"April",172854.61041675173
1402,"March",172854.61041675173
1403,"April",249941.16444760608
1403,"March",257459.74571075838
1404,"April",145653.55283045143
1404,"March",145653.55283045143
1405,"April",176343.9383208208
1405,"March",180111.45241470175
1406,"April",276049.5273569977
1406,"March",259837.38289456614
1407,"April",187574.08297824563
1407,"March",183931.85634910036
1408,"April",269371.35772707063
1408,"March",269371.35772707063
1409,"April",231735.06321714373
1409,"March",219934.913239398
1410,"April",252103.02757104015
1410,"March",252103.02757104015
1411,"April",162883.0492848862
1411,"March",156778.09214523534
1412,"April",452619.1002938743
1412,"March",452619.1002938743
1413,"April",150239.06801312134
1413,"March",163453.51956293598
1414,"April",262364.2838474334
1414,"March",248077.79151522997
1415,"April",175537.29063844163
1415,"March",175537.29063844163
1416,"April",464745.2406794813
1416,"March",401628.0765039256
1417,"April",166847.8217494477
1417,"March",166847.8217494477
1418,"April",210685.5218825444
1418,"March",205821.9686598383
1419,"April",106716.23962671541
1419,"March",106716.23962671541
1420,"April",344580.5344804289
1420,"March",275421.7248215191
1421,"April",271527.34260276286
1421,"March",271527.34260276286
1422,"April",159315.25210977002
1422,"March",159315.25210977002
1423,"April",195214.05387455068
1423,"March",195214.05387455068
1424,"April",211625.5912091425
1424,"March",203043.01085936034
1425,"April",302608.6416578719
1425,"March",302608.6416578719
1426,"April",447689.68944783293
1426,"March",447689.68944783293
1427,"April",256264.1548737436
1427,"March",239993.82755301968
1428,"April",176149.99206773608
1428,"March",176149.99206773608
1429,"April",177238.26649651348
1429,"March",170276.50782639327
1430,"April",238058.2037160392
1430,"March",238058.2037160392
1431,"April",209267.88229664898
1431,"March",177919.1446044799
1432,"April",173160.42858796648
1432,"March",151147.39081227116
1433,"April",198528.88780094817
1433,"March",198528.88780094817
1434,"April",204515.45696340915
1434,"March",204515.45696340915
1435,"April",223289.3218250514
1435,"March",223289.3218250514
1436,"April",206803.14222878756
1436,"March",206803.14222878756
1437,"April",201257.0438114156
1437,"March",223514.53403483768
1438,"April",115119.65094311074
1438,"March",115119.65094311074
1439,"April",296561.9842520832
1439,"March",294093.741939881
1440,"April",230921.45650192373
1440,"March",230921.45650192373
1441,"April",259805.49474024485
1441,"March",264536.79398986546
1442,"April",117488.76837929575
1442,"March",117488.76837929575
1443,"April",163342.40636640764
1443,"March",163342.40636640764
1444,"April",117176.40687536592
1444,"March",117176.40687536592
1445,"April",192758.3001645637
1445,"March",190439.13444141182
1446,"April",227930.8588625104
1446,"March",215163.3575415747
1447,"April",229333.53283471594
1447,"March",232118.31770346913
1448,"April",186913.4294024372
1448,"March",186913.4294024372
1449,"April",173160.42858796648
1449,"March",166629.31961713542
1450,"April",322981.92749844724
1450,"March",312364.4077316572
1451,"April",156762.75844902117
1451,"March",159932.71066555573
1452,"April",172492.86978289063
1452,"March",172492.86978289063
1453,"April",176343.9383208208
1453,"March",184259.84026211468
1454,"April",243011.797732069
1454,"March",291691.08924169495
1455,"April",147097.27450053915
1455,"March",147097.27450053915
1456,"April",154527.58091522957
1456,"March",154527.58091522957
1457,"April",162602.79421707132
1457,"March",156606.02734198814
1458,"April",167526.19949508025
1458,"March",174179.59180900082
1459,"April",206155.52688071065
1459,"March",206155.52688071065
1460,"April",202914.46077461436
1460,"March",202914.46077461436
1461,"April",177198.00732708798
1461,"March",162042.26621907443
1462,"April",154521.11335244562
1462,"March",154521.11335244562
1463,"April",234774.5970697162
1463,"March",229705.14421923054
1464,"April",249915.78940720853
1464,"March",249915.78940720853
1465,"April",257279.84940210692
1465,"March",257279.84940210692
1466,"April",144498.59535921772
1466,"March",144498.59535921772
1467,"April",293848.72033789294
1467,"March",282354.65581237094
1468,"April",186710.591956743
1468,"March",184259.84026211468
1469,"April",345915.7320739595
1469,"March",331120.631514387
1470,"April",268686.9808399845
1470,"March",268686.9808399845
1471,"April",220330.11640488473
1471,"March",220330.11640488473
1472,"April",205081.59009900695
1472,"March",205081.59009900695
1473,"April",169895.9771202802
1473,"March",169895.9771202802
1474,"April",160659.90438469342
1474,"March",165061.5898163753
1475,"April",214641.2858283469
1475,"March",215069.4551742698
1476,"April",348137.8918988854
1476,"March",339780.44615318143
1477,"April",179362.53981951368
1477,"March",201997.51684288002
1478,"April",302867.46053683787
1478,"March",282354.65581237094
1479,"April",208864.0470191339
1479,"March",205334.5145605172
1480,"April",206229.29470101185
1480,"March",191943.2438556477
1481,"April",469659.42611497926
1481,"March",469659.42611497926
1482,"April",205446.699288859
1482,"March",224272.3301129933
1483,"April",261442.5547783383
1483,"March",260033.2160096966
1484,"April",174325.77541812693
1484,"March",169022.5572844529
1485,"April",205081.59009900695
1485,"March",205081.59009900695
1486,"April",205081.59009900695
1486,"March",205081.59009900695
1487,"April",173239.54022908196
1487,"March",173239.54022908196
1488,"April",252079.2537313
1488,"March",252079.2537313
1489,"April",209257.36663410589
1489,"March",220836.8641401918
1490,"April",177238.26649651348
1490,"March",186055.93464960795
1491,"April",638191.1569829427
1491,"March",638191.1569829427
1492,"April",205081.59009900695
1492,"March",205081.59009900695
1493,"April",385605.4761835108
1493,"March",377112.65947710647
1494,"April",430338.2602582118
1494,"March",418692.1154816998
1495,"April",133208.59949184718
1495,"March",138255.89267982307
1496,"April",257279.17804025687
1496,"March",264812.80799682264
1497,"April",184259.84026211468
1497,"March",186710.591956743
1498,"April",195173.25091126421
1498,"March",216240.27555094069
1499,"April",167388.95142284865
1499,"March",167388.95142284865
1500,"April",168673.08001798746
1500,"March",162536.66773286148
1501,"April",367794.927459222
1501,"March",367794.927459222
1502,"April",313697.4559424156
1502,"March",313697.4559424156
1503,"April",135266.15683696774
1503,"March",135266.15683696774
1504,"April",241190.41689495152
1504,"March",256987.52496974973
1505,"April",139681.8650350653
1505,"March",145321.36969141942
1506,"April",180691.26690986604
1506,"March",180691.26690986604
1507,"April",248783.25082585806
1507,"March",248783.25082585806
1508,"April",202093.82832378795
1508,"March",202093.82832378795
1509,"April",198250.5224843817
1509,"March",209846.7025555142
1510,"April",211957.0428731235
1510,"March",211957.0428731235
1511,"April",221282.7496906641
1511,"March",209971.02186453794
1512,"April",202093.82832378795
1512,"March",202093.82832378795
1513,"April",337287.68207612826
1513,"March",289452.5497237457
1514,"April",173470.75240263256
1514,"March",177238.26649651348
1515,"April",156606.02734198814
1515,"March",156606.02734198814
1516,"April",173626.62288406628
1516,"March",193774.83262169207
1517,"April",130126.70463501547
1517,"March",130126.70463501547
1518,"April",175285.16342051246
1518,"March",186710.591956743
1519,"April",184361.92228980438
1519,"March",184361.92228980438
1520,"April",201615.3368677011
1520,"March",211946.52463110932
1521,"April",196871.47083774942
1521,"March",201257.0438114156
1522,"April",291965.3813545316
1522,"March",291965.3813545316
1523,"April",156606.02734198814
1523,"March",156606.02734198814
1524,"April",191680.63900891447
1524,"March",159315.25210977002
1525,"April",156577.9042962649
1525,"March",156577.9042962649
1526,"April",181584.85706476925
1526,"March",169928.30779930626
1527,"April",177238.26649651348
1527,"March",177238.26649651348
1528,"April",200393.29088786888
1528,"March",200393.29088786888
1529,"April",247628.7510676661
1529,"March",247628.7510676661
1530,"April",172054.13449452154
1530,"March",176032.38940540623
1531,"April",257446.2961507031
1531,"March",253629.9720620109
1532,"April",219132.81669390827
1532,"March",222344.0867883299
1533,"April",251268.08796067847
1533,"March",251268.08796067847
1534,"April",248077.79151522997
1534,"March",248077.79151522997
1535,"April",315060.49907814636
1535,"March",319230.34194529883
1536,"April",172057.6352430611
1536,"March",167268.1553311183
1537,"April",229313.74527007175
1537,"March",225865.5008964713
1538,"April",505634.68439377745
1538,"March",505634.68439377745
1539,"April",106139.37222281423
1539,"March",106139.37222281423
1540,"April",441969.2104067506
1540,"March",441969.2104067506
1541,"April",198250.5224843817
1541,"March",202703.52076753264
1542,"April",218827.85655883985
1542,"March",209050.52175549133
1543,"April",156976.72579422206
1543,"March",156976.72579422206
1544,"April",165352.7603589559
1544,"March",183154.97566526526
1545,"April",173026.21399282958
1545,"March",173026.21399282958
1546,"April",129108.91314913993
1546,"March",129108.91314913993
1547,"April",148708.83049478722
1547,"March",142418.28675949218
1548,"April",152220.33418641041
1548,"March",152220.33418641041
1549,"April",311902.90031092963
1549,"March",311902.90031092963
1550,"April",271434.3606667555
1550,"March",266545.82357136864
1551,"April",341015.766073807
1551,"March",341015.766073807
1552,"April",225935.83388552975
1552,"March",225935.83388552975
1553,"April",195604.79586065907
1553,"March",210704.17370447153
1554,"April",151076.2665662203
1554,"March",151076.2665662203
1555,"April",275812.43437488715
1555,"March",275812.43437488715
1556,"April",154555.87422993957
1556,"March",136254.7128912463
1557,"April",276295.084329499
1557,"March",276295.084329499
1558,"April",184259.84026211468
1558,"March",184259.84026211468
1559,"April",266335.96825879364
1559,"March",273673.9818514444
1560,"April",242631.18626483725
1560,"March",253686.11090388516
1561,"April",429621.9160989021
1561,"March",429621.9160989021
1562,"April",461787.1697209345
1562,"March",437382.5854067569
1563,"April",225935.83388552975
1563,"March",225935.83388552975
1564,"April",206477.9301418683
1564,"March",206477.9301418683
1565,"April",276758.2133142072
1565,"March",262558.1939617347
1566,"April",209920.2075228002
1566,"March",215163.3575415747
1567,"April",264111.82379654836
1567,"March",277050.84044223087
1568,"April",255201.06811626803
1568,"March",259805.49474024485
1569,"April",259757.20200273945
1569,"March",259757.20200273945
1570,"April",232345.65332378805
1570,"March",234719.56986762886
1571,"April",186913.4294024372
1571,"March",186913.4294024372
1572,"April",180594.40819592346
1572,"March",180594.40819592346
1573,"April",256081.12322366936
1573,"March",256081.12322366936
1574,"April",248077.79151522997
1574,"March",234579.61297353898
1575,"April",242899.48180568067
1575,"March",262686.2616519064
1576,"April",333592.65285398095
1576,"March",333592.65285398095
1577,"April",153083.59226430862
1577,"March",153083.59226430862
1578,"April",208512.3127152869
1578,"March",208512.3127152869
1579,"April",237507.5301105038
1579,"March",226566.46702978335
1580,"April",301517.9667016371
1580,"March",279363.72929512005
1581,"April",297651.8276835888
1581,"March",297651.8276835888
1582,"April",236997.46832600475
1582,"March",245119.90406843665
1583,"April",93309.42123643006
1583,"March",93309.42123643006
1584,"April",454855.07641733804
1584,"March",454855.07641733804
1585,"April",127472.3975494489
1585,"March",127472.3975494489
1586,"April",161016.58836703948
1586,"March",176446.02034851053
1587,"April",217090.15902792543
1587,"March",208062.09536782853
1588,"April",176015.95440780648
1588,"March",176015.95440780648
1589,"April",247608.34931404726
1589,"March",247608.34931404726
1590,"April",119792.03126973049
1590,"March",128390.48091214664
1591,"April",262261.36843350105
1591,"March",263670.70720214274
1592,"April",257877.01082565068
1592,"March",267034.6483308373
1593,"April",348756.83166906424
1593,"March",348756.83166906424
1594,"April",259757.20200273945
1594,"March",246259.0569491846
1595,"April",323217.1336656411
1595,"March",323217.1336656411
1596,"April",185647.4929134695
1596,"March",185983.95713893397
1597,"April",400144.4691798577
1597,"March",400144.4691798577
1598,"April",173160.42858796648
1598,"March",173160.42858796648
1599,"April",211946.52463110932
1599,"March",211946.52463110932
1600,"April",242331.67646223263
1600,"March",242331.67646223263
1601,"April",176032.38940540623
1601,"March",176032.38940540623
1602,"April",473278.2322826112
1602,"March",473278.2322826112
1603,"April",267034.6483308373
1603,"March",267034.6483308373
1604,"April",233349.1948952663
1604,"March",233349.1948952663
1605,"April",95934.68772559617
1605,"March",104978.34859303421
1606,"April",212066.57312580294
1606,"March",201872.2630152618
1607,"April",212307.79441835333
1607,"March",218928.37443575772
1608,"April",168862.9578653527
1608,"March",162641.03027720464
1609,"April",222799.8242248573
1609,"March",222799.8242248573
1610,"April",275812.43437488715
1610,"March",275812.43437488715
1611,"April",470408.66615894553
1611,"March",470408.66615894553
1612,"April",220149.5046217707
1612,"March",233679.22489595314
1613,"April",183467.5941141117
1613,"March",183467.5941141117
1614,"April",240611.82619480067
1614,"March",240611.82619480067
1615,"April",232041.75964805548
1615,"March",188435.33886198796
1616,"April",267897.7599538284
1616,"March",265276.95852213044
1617,"April",264111.82379654836
1617,"March",264111.82379654836
1618,"April",203464.00565940308
1618,"March",203464.00565940308
1619,"April",190969.452129876
1619,"March",175679.6651269274
1620,"April",366087.67343298404
1620,"March",367050.12710547826
1621,"April",272611.0207197703
1621,"March",277649.8772453236
1622,"April",200949.78663421047
1622,"March",200949.78663421047
1623,"April",343977.8259096688
1623,"March",343977.8259096688
1624,"April",205081.59009900695
1624,"March",192465.55480587165
1625,"April",184259.84026211468
1625,"March",184259.84026211468
1626,"April",230372.08501420286
1626,"March",230372.08501420286
1627,"April",220539.3187131619
1627,"March",218812.94745721575
1628,"April",214257.69515368107
1628,"March",214257.69515368107
1629,"April",271334.00769448665
1629,"March",275812.43437488715
1630,"April",288480.99752228137
1630,"March",298315.4953884915
1631,"April",208339.20031282306
1631,"March",211048.9120150993
1632,"April",253337.3254457522
1632,"March",253337.3254457522
1633,"April",165644.09199259503
1633,"March",165644.09199259503
1634,"April",141895.0932243081
1634,"March",141895.0932243081
1635,"April",319652.05755857733
1635,"March",319652.05755857733
1636,"April",433020.1818784234
1636,"March",433020.1818784234
1637,"April",276855.0837238812
1637,"March",287217.6126908943
1638,"April",168076.14996081108
1638,"March",180594.40819592346
1639,"April",244376.98739626756
1639,"March",255358.53957425043
1640,"April",399327.96629994496
1640,"March",431679.2210683176
1641,"April",201039.59415440052
1641,"March",204571.55696871388
1642,"April",165991.28704407558
1642,"March",159994.5201689924
1643,"April",173026.21399282958
1643,"March",176838.63205921336
1644,"April",196871.47083774942
1644,"March",196871.47083774942
1645,"April",132792.15921892997
1645,"March",127472.3975494489
1646,"April",272611.0207197703
1646,"March",272611.0207197703
1647,"April",226010.32903601724
1647,"March",254362.02939926577
1648,"April",224471.49027583233
1648,"March",214345.1096760325
1649,"April",297908.75644524995
1649,"March",268943.90960164566
1650,"April",142634.75274495356
1650,"March",142634.75274495356
1651,"April",156606.02734198814
1651,"March",156606.02734198814
1652,"April",302061.5230816899
1652,"March",302061.5230816899
1653,"April",251268.08796067847
1653,"March",241579.68774350113
1654,"April",194147.4388802951
1654,"March",204944.16322731695
1655,"April",259805.49474024485
1655,"March",273555.78483346093
1656,"April",333841.32780384395
1656,"March",328996.52026782697
1657,"April",190628.0339086972
1657,"March",206477.9301418683
1658,"April",249746.21944554115
1658,"March",225210.7438104485
1659,"April",139284.20000131245
1659,"March",139284.20000131245
1660,"April",281322.70463770966
1660,"March",282354.65581237094
1661,"April",405454.5556193752
1661,"March",437615.6907487592
1662,"April",399975.5157638948
1662,"March",398503.3000523543
1663,"April",154773.94860648023
1663,"March",154773.94860648023
1664,"April",147097.27450053915
1664,"March",162036.0082962147
1665,"April",243615.66734740682
1665,"March",252823.5540982757
1666,"April",166966.83860576397
1666,"March",170333.56225297396
1667,"April",225692.3374773164
1667,"March",222079.78980544143
1668,"April",267034.6483308373
1668,"March",267034.6483308373
1669,"April",173298.63897105196
1669,"March",175288.6639447828
1670,"April",184245.20059748503
1670,"March",184245.20059748503
1671,"April",276089.7425790601
1671,"March",263670.70720214274
1672,"April",245586.8999315736
1672,"March",245586.8999315736
1673,"April",173626.62288406628
1673,"March",173626.62288406628
1674,"April",315196.5632904822
1674,"March",319652.05755857733
1675,"April",221104.82215798515
1675,"March",221104.82215798515
1676,"April",467338.86677085445
1676,"March",467338.86677085445
1677,"April",303125.705072887
1677,"March",313996.2676320902
1678,"April",350128.21772101225
1678,"March",264030.8264851626
1679,"April",161457.13674716125
1679,"March",163943.11613452315
1680,"April",174989.39673750332
1680,"March",183195.0754840567
1681,"April",253337.3254457522
1681,"March",248077.79151522997
1682,"April",156076.71605603234
1682,"March",156076.71605603234
1683,"April",172492.86978289063
1683,"March",193626.65251307157
1684,"April",336758.3917104961
1684,"March",360867.650020659
1685,"April",229610.42803979115
1685,"March",239993.82755301968
1686,"April",372147.40297478845
1686,"March",372147.40297478845
1687,"April",230139.584384966
1687,"March",230139.584384966
1688,"April",162602.79421707132
1688,"March",156606.02734198814
1689,"April",312424.9172935328
1689,"March",291965.3813545316
1690,"April",273861.59015525563
1690,"March",260033.2160096966
1691,"April",153490.6138717647
1691,"March",153490.6138717647
1692,"April",125171.03836220167
1692,"March",121990.35556290281
1693,"April",158620.4388421407
1693,"March",152182.89420193507
1694,"April",243823.27709757988
1694,"March",251265.83108806144
1695,"April",201049.98587528447
1695,"March",206803.09985156683
1696,"April",376300.75493788236
1696,"March",376300.75493788236
1697,"April",222799.8242248573
1697,"March",213093.00426526982
1698,"April",642597.3586536737
1698,"March",642597.3586536737
1699,"April",251306.35411180466
1699,"March",235032.5770368526
1700,"April",167388.95142284865
1700,"March",172057.6352430611
1701,"April",357743.3924423254
1701,"March",357743.3924423254
1702,"April",544429.304052983
1702,"March",544429.304052983
1703,"April",173117.59497950788
1703,"March",179362.53981951368
1704,"April",347978.72637263173
1704,"March",347978.72637263173
1705,"April",201412.20041300356
1705,"March",201412.20041300356
1706,"April",329047.80915508897
1706,"March",321824.1135255956
1707,"April",251106.414742506
1707,"March",251106.414742506
1708,"April",250017.9047207318
1708,"March",250017.9047207318
1709,"April",122389.82461850258
1709,"March",115789.60215521425
1710,"April",129428.1939654225
1710,"March",129428.1939654225
1711,"April",236239.46172159488
1711,"March",236239.46172159488
1712,"April",190969.452129876
1712,"March",184245.20059748503
1713,"April",206998.7165090918
1713,"March",206998.7165090918
1714,"April",203464.00565940308
1714,"March",203464.00565940308
1715,"April",251106.414742506
1715,"March",221282.7496906641
1716,"April",172057.6352430611
1716,"March",192921.4802376875
1717,"April",192156.7383386338
1717,"March",193183.57938645774
1718,"April",156606.02734198814
1718,"March",156606.02734198814
1719,"April",257524.32092006158
1719,"March",268340.78039986984
1720,"April",255591.1693130857
1720,"March",288052.955416783
1721,"April",181876.7984688576
1721,"March",181876.7984688576
1722,"April",154299.88847480936
1722,"March",154299.88847480936
1723,"April",232350.15786631888
1723,"March",232350.15786631888
1724,"April",126481.76377015594
1724,"March",126481.76377015594
1725,"April",327778.7151417574
1725,"March",319652.05755857733
1726,"April",180594.40819592346
1726,"March",180594.40819592346
1727,"April",349741.5915163996
1727,"March",338614.2585859974
1728,"April",205081.59009900695
1728,"March",206149.35605585814
1729,"April",229599.98048734365
1729,"March",229599.98048734365
1730,"April",176149.99206773608
1730,"March",176149.99206773608
1731,"April",520886.4325277785
1731,"March",520886.4325277785
1732,"April",282558.58620971156
1732,"March",282558.58620971156
1733,"April",343792.53263180057
1733,"March",328305.14238721353
1734,"April",222829.78944122232
1734,"March",222829.78944122232
1735,"April",225055.53054738097
1735,"March",225055.53054738097
1736,"April",125001.41039276349
1736,"March",125001.41039276349
1737,"April",153029.0891762266
1737,"March",167142.82359627294
1738,"April",213241.34046275154
1738,"March",213241.34046275154
1739,"April",230139.584384966
1739,"March",218827.85655883985
1740,"April",180492.32616823376
1740,"March",180492.32616823376
1741,"April",263093.4603920609
1741,"March",263093.4603920609
1742,"April",291965.3813545316
1742,"March",291965.3813545316
1743,"April",126980.52695873423
1743,"March",126980.52695873423
1744,"April",203564.65260799872
1744,"March",219696.25063466775
1745,"April",246263.93533508808
1745,"March",244454.39976497908
1746,"April",177919.1446044799
1746,"March",171165.45461203545
1747,"April",274701.0817509661
1747,"March",268519.1625379745
1748,"April",198794.32622633758
1748,"March",221309.96806757766
